in,out,Month_Start,Year_Start,in_up,in_down,out_up,out_down
55040087.0,544081067.0,256,256,0.0,0.0,0.0,0.0
128355950.85714285,1548699540.5714285,0,0,128355950.85714285,0.0,1548699540.5714285,0.0
134956550.85714287,1562482549.7142856,0,0,134956550.85714287,0.0,1562482549.7142856,0.0
154850965.7142857,1763358201.142857,0,0,154850965.7142857,0.0,1763358201.142857,0.0
170757284.57142857,1828013320.0,256,0,170757284.57142857,0.0,1828013320.0,0.0
157411725.7142857,1793234867.4285715,0,0,0.0,157411725.7142857,0.0,1793234867.4285715
149199904.0,1750656219.4285715,0,0,0.0,149199904.0,0.0,1750656219.4285715
155247369.14285713,1728820977.142857,0,0,155247369.14285713,0.0,0.0,1728820977.142857
143420387.42857143,1743736092.5714285,256,0,0.0,143420387.42857143,1743736092.5714285,0.0
176034488.0,1855015130.2857144,0,0,176034488.0,0.0,1855015130.2857144,0.0
164595444.57142857,1836238662.857143,0,0,0.0,164595444.57142857,0.0,1836238662.857143
168277177.14285713,1818967266.2857144,0,0,168277177.14285713,0.0,0.0,1818967266.2857144
171029449.14285713,1758035068.5714285,0,0,171029449.14285713,0.0,0.0,1758035068.5714285
148486216.0,1492038854.857143,256,0,0.0,148486216.0,0.0,1492038854.857143
75538661.71428572,596833530.2857143,0,0,0.0,75538661.71428572,0.0,596833530.2857143
63888301.71428572,554160964.5714285,0,0,0.0,63888301.71428572,0.0,554160964.5714285
86370552.0,894011013.7142857,0,0,86370552.0,0.0,894011013.7142857,0.0
153595782.85714287,1695157625.142857,256,0,153595782.85714287,0.0,1695157625.142857,0.0
150390329.14285713,1670345828.5714285,0,0,0.0,150390329.14285713,0.0,1670345828.5714285
148607723.42857143,1719251066.2857144,0,0,0.0,148607723.42857143,1719251066.2857144,0.0
128826416.0,1496499928.0,0,0,0.0,128826416.0,0.0,1496499928.0
93069782.85714285,1015160286.8571428,256,0,0.0,93069782.85714285,0.0,1015160286.8571428
77044538.28571428,735243547.4285715,0,0,0.0,77044538.28571428,0.0,735243547.4285715
42206374.85714286,436739883.4285714,0,0,0.0,42206374.85714286,0.0,436739883.4285714
40007066.28571428,401201833.14285713,0,0,0.0,40007066.28571428,0.0,401201833.14285713
41979741.71428572,394485401.14285713,0,0,41979741.71428572,0.0,0.0,394485401.14285713
37201100.571428575,296685972.5714286,256,0,0.0,37201100.571428575,0.0,296685972.5714286
38673853.71428572,362170706.28571427,0,0,38673853.71428572,0.0,362170706.28571427,0.0
45598595.428571425,321572486.85714287,0,0,45598595.428571425,0.0,0.0,321572486.85714287
34330923.428571425,294165452.5714286,0,0,0.0,34330923.428571425,0.0,294165452.5714286
33193229.714285713,331859494.85714287,256,0,0.0,33193229.714285713,331859494.85714287,0.0
31437957.714285713,295584148.5714286,0,0,0.0,31437957.714285713,0.0,295584148.5714286
43131851.428571425,287796099.4285714,0,0,43131851.428571425,0.0,0.0,287796099.4285714
31109086.85714286,235820061.7142857,0,0,0.0,31109086.85714286,0.0,235820061.7142857
29246491.42857143,193966860.57142857,256,0,0.0,29246491.42857143,0.0,193966860.57142857
32451885.714285713,231562758.85714287,0,0,32451885.714285713,0.0,231562758.85714287,0.0
31145685.714285713,221559385.14285713,0,0,0.0,31145685.714285713,0.0,221559385.14285713
30916449.14285714,239208539.42857143,0,0,0.0,30916449.14285714,239208539.42857143,0.0
68747872.0,625589274.2857143,0,0,68747872.0,0.0,625589274.2857143,0.0
148289549.7142857,1840263134.857143,256,0,148289549.7142857,0.0,1840263134.857143,0.0
148625646.85714287,1974918456.0,0,0,148625646.85714287,0.0,1974918456.0,0.0
157397320.0,1946879638.857143,0,0,157397320.0,0.0,0.0,1946879638.857143
154133142.85714287,1962594197.7142856,0,0,0.0,154133142.85714287,1962594197.7142856,0.0
147087554.2857143,1819222630.857143,256,0,0.0,147087554.2857143,0.0,1819222630.857143
161625246.85714287,1942147470.857143,0,0,161625246.85714287,0.0,1942147470.857143,0.0
156993492.57142857,1827922205.7142856,0,0,0.0,156993492.57142857,0.0,1827922205.7142856
165090307.42857143,1934406233.142857,0,0,165090307.42857143,0.0,1934406233.142857,0.0
158053460.57142857,1892664184.0,256,0,0.0,158053460.57142857,0.0,1892664184.0
157088020.57142857,2005255592.0,0,0,0.0,157088020.57142857,2005255592.0,0.0
150886530.2857143,1995030699.4285715,0,0,0.0,150886530.2857143,0.0,1995030699.4285715
108252125.71428572,1377283110.857143,0,0,0.0,108252125.71428572,0.0,1377283110.857143
25175156.57142857,200892683.42857143,0,0,0.0,25175156.57142857,0.0,200892683.42857143
47366094.4,386097958.4,256,256,47366094.4,0.0,386097958.4,0.0
103563482.28571428,907132419.4285715,0,0,103563482.28571428,0.0,907132419.4285715,0.0
159711154.2857143,1744928326.857143,0,0,159711154.2857143,0.0,1744928326.857143,0.0
151083336.0,1746813682.2857144,0,0,0.0,151083336.0,1746813682.2857144,0.0
176765221.7142857,1956229573.7142856,256,0,176765221.7142857,0.0,1956229573.7142856,0.0
166546890.2857143,2044651618.2857144,0,0,0.0,166546890.2857143,2044651618.2857144,0.0
161241051.42857143,2044425609.142857,0,0,0.0,161241051.42857143,0.0,2044425609.142857
159233478.85714287,1954016953.142857,0,0,0.0,159233478.85714287,0.0,1954016953.142857
183048388.57142857,2000163819.4285715,256,0,183048388.57142857,0.0,2000163819.4285715,0.0
202295990.85714287,2007397571.4285715,0,0,202295990.85714287,0.0,2007397571.4285715,0.0
189926411.42857143,2218833921.142857,0,0,0.0,189926411.42857143,2218833921.142857,0.0
183638403.42857143,1432224955.4285715,0,0,0.0,183638403.42857143,0.0,1432224955.4285715
155399920.0,545507913.1428572,0,0,0.0,155399920.0,0.0,545507913.1428572
91384260.57142857,413042122.28571427,256,0,0.0,91384260.57142857,0.0,413042122.28571427
92214027.42857143,338075996.5714286,0,0,92214027.42857143,0.0,0.0,338075996.5714286
93305803.42857143,375909496.0,0,0,93305803.42857143,0.0,375909496.0,0.0
130865880.0,372019955.4285714,0,0,130865880.0,0.0,0.0,372019955.4285714
112487124.57142857,399250778.28571427,256,0,0.0,112487124.57142857,399250778.28571427,0.0
101029186.28571428,380531035.4285714,0,0,0.0,101029186.28571428,0.0,380531035.4285714
100885353.14285715,385366952.0,0,0,0.0,100885353.14285715,385366952.0,0.0
95605394.28571428,336966594.28571427,0,0,0.0,95605394.28571428,0.0,336966594.28571427
76452355.42857143,318429371.4285714,0,0,0.0,76452355.42857143,0.0,318429371.4285714
91226978.28571428,370499062.85714287,256,0,91226978.28571428,0.0,370499062.85714287,0.0
119764515.42857143,329240938.28571427,0,0,119764515.42857143,0.0,0.0,329240938.28571427
82106889.14285715,293195570.28571427,0,0,0.0,82106889.14285715,0.0,293195570.28571427
75513333.71428572,255111123.42857143,0,0,0.0,75513333.71428572,0.0,255111123.42857143
72905241.33333333,232384282.66666666,256,0,0.0,72905241.33333333,0.0,232384282.66666666
77647125.71428572,240313312.0,0,0,77647125.71428572,0.0,240313312.0,0.0
81551370.28571428,238392168.0,0,0,81551370.28571428,0.0,0.0,238392168.0
94313106.28571428,225212458.2857143,0,0,94313106.28571428,0.0,0.0,225212458.2857143
88910681.14285715,207391514.2857143,256,0,0.0,88910681.14285715,0.0,207391514.2857143
87134520.0,222027334.85714287,0,0,0.0,87134520.0,222027334.85714287,0.0
105749512.0,223750298.2857143,0,0,105749512.0,0.0,223750298.2857143,0.0
97501370.28571428,210630008.0,0,0,0.0,97501370.28571428,0.0,210630008.0
77338828.57142857,209649158.85714287,0,0,0.0,77338828.57142857,0.0,209649158.85714287
95861165.71428572,235319762.2857143,256,0,95861165.71428572,0.0,235319762.2857143,0.0
91913985.14285715,254795893.7142857,0,0,0.0,91913985.14285715,254795893.7142857,0.0
104759376.0,329716452.5714286,0,0,104759376.0,0.0,329716452.5714286,0.0
130596963.42857143,526979923.4285714,0,0,130596963.42857143,0.0,526979923.4285714,0.0
255150518.85714287,1729146699.4285715,256,0,255150518.85714287,0.0,1729146699.4285715,0.0
269311938.28571427,1711327531.4285715,0,0,269311938.28571427,0.0,0.0,1711327531.4285715
254241342.85714287,1751254258.2857144,0,0,0.0,254241342.85714287,1751254258.2857144,0.0
259530627.42857143,1616900542.857143,0,0,259530627.42857143,0.0,0.0,1616900542.857143
239614899.42857143,1579945534.857143,256,0,0.0,239614899.42857143,0.0,1579945534.857143
286004466.28571427,1654159317.7142856,0,0,286004466.28571427,0.0,1654159317.7142856,0.0
277186464.0,1884166145.142857,0,0,0.0,277186464.0,1884166145.142857,0.0
276898654.85714287,1803983948.5714285,0,0,0.0,276898654.85714287,0.0,1803983948.5714285
279185313.14285713,1814987688.0,0,0,279185313.14285713,0.0,1814987688.0,0.0
246488121.14285713,1544403349.7142856,256,0,0.0,246488121.14285713,0.0,1544403349.7142856
156491244.57142857,681478318.8571428,0,0,0.0,156491244.57142857,0.0,681478318.8571428
139481986.2857143,500239924.5714286,0,0,0.0,139481986.2857143,0.0,500239924.5714286
51310498.28571428,245381546.2857143,0,0,0.0,51310498.28571428,0.0,245381546.2857143
44059376.0,245611842.0,0,0,0.0,44059376.0,245611842.0,0.0
137788878.85714287,621296382.8571428,0,0,137788878.85714287,0.0,621296382.8571428,0.0
172017555.42857143,801507481.1428572,0,0,172017555.42857143,0.0,801507481.1428572,0.0
174992683.42857143,841693323.4285715,0,0,174992683.42857143,0.0,841693323.4285715,0.0
178889166.85714287,851837266.2857143,0,0,178889166.85714287,0.0,851837266.2857143,0.0
186574344.0,891451557.7142857,256,0,186574344.0,0.0,891451557.7142857,0.0
188299785.14285713,881860256.0,0,0,188299785.14285713,0.0,0.0,881860256.0
197366314.2857143,878608851.4285715,0,0,197366314.2857143,0.0,0.0,878608851.4285715
186699166.85714287,899922246.8571428,0,0,0.0,186699166.85714287,899922246.8571428,0.0
192866005.7142857,948211626.2857143,256,0,192866005.7142857,0.0,948211626.2857143,0.0
232116746.2857143,1093465588.5714285,0,0,232116746.2857143,0.0,1093465588.5714285,0.0
232803521.14285713,1142766554.2857144,0,0,232803521.14285713,0.0,1142766554.2857144,0.0
204991675.42857143,1009017214.8571428,0,0,0.0,204991675.42857143,0.0,1009017214.8571428
130501625.14285715,688892300.5714285,256,0,0.0,130501625.14285715,0.0,688892300.5714285
117986860.57142857,655013040.0,0,0,0.0,117986860.57142857,0.0,655013040.0
163240758.85714287,838835803.4285715,0,0,163240758.85714287,0.0,838835803.4285715,0.0
233350678.85714287,1333679034.2857144,0,0,233350678.85714287,0.0,1333679034.2857144,0.0
291193780.5714286,1402109533.7142856,256,0,291193780.5714286,0.0,1402109533.7142856,0.0
252644601.14285713,1447812249.142857,0,0,0.0,252644601.14285713,1447812249.142857,0.0
250890288.0,1406143832.0,0,0,0.0,250890288.0,0.0,1406143832.0
231116057.14285713,1369514044.5714285,0,0,0.0,231116057.14285713,0.0,1369514044.5714285
211972237.7142857,1274995973.7142856,0,0,0.0,211972237.7142857,0.0,1274995973.7142856
165392773.7142857,1085340001.142857,256,0,0.0,165392773.7142857,0.0,1085340001.142857
162446661.7142857,795255805.7142857,0,0,0.0,162446661.7142857,0.0,795255805.7142857
119589530.28571428,341325230.85714287,0,0,0.0,119589530.28571428,0.0,341325230.85714287
333810529.14285713,315592240.0,0,0,333810529.14285713,0.0,0.0,315592240.0
644958117.7142857,293786883.4285714,256,0,644958117.7142857,0.0,0.0,293786883.4285714
331228139.4285714,295462573.71428573,0,0,0.0,331228139.4285714,295462573.71428573,0.0
181473617.14285713,300011862.85714287,0,0,0.0,181473617.14285713,300011862.85714287,0.0
173686821.7142857,267022341.7142857,0,0,0.0,173686821.7142857,0.0,267022341.7142857
184055787.42857143,267057432.0,256,0,184055787.42857143,0.0,267057432.0,0.0
146908221.7142857,232505046.85714287,0,0,0.0,146908221.7142857,0.0,232505046.85714287
141588873.14285713,266911442.2857143,0,0,0.0,141588873.14285713,266911442.2857143,0.0
139557116.57142857,237103443.42857143,0,0,0.0,139557116.57142857,0.0,237103443.42857143
131145083.42857143,213254889.14285713,0,0,0.0,131145083.42857143,0.0,213254889.14285713
142755425.14285713,209743253.7142857,256,0,142755425.14285713,0.0,0.0,209743253.7142857
151095413.7142857,247225275.42857143,0,0,151095413.7142857,0.0,247225275.42857143,0.0
186797331.42857143,309502413.71428573,0,0,186797331.42857143,0.0,309502413.71428573,0.0
202598385.14285713,693263733.7142857,0,0,202598385.14285713,0.0,693263733.7142857,0.0
349980579.4285714,2100779249.142857,256,0,349980579.4285714,0.0,2100779249.142857,0.0
362737525.71428573,2171436134.857143,0,0,362737525.71428573,0.0,2171436134.857143,0.0
353868297.14285713,2236655458.285714,0,0,0.0,353868297.14285713,2236655458.285714,0.0
363374584.0,2228635877.714286,0,0,363374584.0,0.0,0.0,2228635877.714286
382228637.71428573,2153777865.142857,0,0,382228637.71428573,0.0,0.0,2153777865.142857
368544323.4285714,2320611340.571429,256,0,0.0,368544323.4285714,2320611340.571429,0.0
357250897.14285713,2355679942.857143,0,0,0.0,357250897.14285713,2355679942.857143,0.0
389639069.71428573,2322231380.571429,0,0,389639069.71428573,0.0,0.0,2322231380.571429
373373518.85714287,2199949417.142857,0,0,0.0,373373518.85714287,0.0,2199949417.142857
370353742.85714287,2304200656.0,256,0,0.0,370353742.85714287,2304200656.0,0.0
391236886.85714287,2534542344.0,0,0,391236886.85714287,0.0,2534542344.0,0.0
317656624.0,1752931371.4285715,0,0,0.0,317656624.0,0.0,1752931371.4285715
140369762.2857143,499284733.71428573,0,0,0.0,140369762.2857143,0.0,499284733.71428573
199571492.8,323959849.6,0,0,199571492.8,0.0,0.0,323959849.6
45776045.333333336,300152826.6666667,256,256,0.0,45776045.333333336,0.0,300152826.6666667
1088633909.3333333,731231637.3333334,0,0,1088633909.3333333,0.0,731231637.3333334,0.0
633226052.5714285,1428151565.7142856,0,0,0.0,633226052.5714285,1428151565.7142856,0.0
322633206.85714287,1808519896.0,0,0,0.0,322633206.85714287,1808519896.0,0.0
381686702.85714287,2366741577.142857,0,0,381686702.85714287,0.0,2366741577.142857,0.0
376234816.0,2395919657.142857,256,0,0.0,376234816.0,2395919657.142857,0.0
369536763.4285714,2416273283.428571,0,0,0.0,369536763.4285714,2416273283.428571,0.0
360394232.0,2514624572.571429,0,0,0.0,360394232.0,2514624572.571429,0.0
352963259.4285714,2426392186.285714,0,0,0.0,352963259.4285714,0.0,2426392186.285714
388351797.71428573,2525120321.142857,256,0,388351797.71428573,0.0,2525120321.142857,0.0
393799710.85714287,2486372310.857143,0,0,393799710.85714287,0.0,0.0,2486372310.857143
379918066.28571427,2505094340.571429,0,0,0.0,379918066.28571427,2505094340.571429,0.0
360881696.0,2437339018.285714,0,0,0.0,360881696.0,0.0,2437339018.285714
370631413.71428573,2512514043.428571,256,0,370631413.71428573,0.0,2512514043.428571,0.0
322171347.4285714,1946430925.7142856,0,0,0.0,322171347.4285714,0.0,1946430925.7142856
188310155.42857143,819579464.0,0,0,0.0,188310155.42857143,0.0,819579464.0
185695043.42857143,961919981.7142857,0,0,0.0,185695043.42857143,961919981.7142857,0.0
271845409.14285713,1381995121.142857,256,0,271845409.14285713,0.0,1381995121.142857,0.0
325114020.5714286,2009661201.142857,0,0,325114020.5714286,0.0,2009661201.142857,0.0
337103265.14285713,2197686282.285714,0,0,337103265.14285713,0.0,2197686282.285714,0.0
332845281.14285713,2148960401.142857,0,0,0.0,332845281.14285713,0.0,2148960401.142857
293877331.4285714,1970850993.142857,0,0,0.0,293877331.4285714,0.0,1970850993.142857
224368097.14285713,1498522752.0,256,0,0.0,224368097.14285713,0.0,1498522752.0
217974634.2857143,1003562533.7142857,0,0,0.0,217974634.2857143,0.0,1003562533.7142857
155133034.2857143,480862675.4285714,0,0,0.0,155133034.2857143,0.0,480862675.4285714
154021106.2857143,474177442.28571427,0,0,0.0,154021106.2857143,0.0,474177442.28571427
155341933.7142857,417331795.4285714,256,0,155341933.7142857,0.0,0.0,417331795.4285714
148572309.7142857,386521812.5714286,0,0,0.0,148572309.7142857,0.0,386521812.5714286
158881156.57142857,428344481.14285713,0,0,158881156.57142857,0.0,428344481.14285713,0.0
172668474.2857143,403731947.4285714,0,0,172668474.2857143,0.0,0.0,403731947.4285714
133297518.85714285,324618636.5714286,0,0,0.0,133297518.85714285,0.0,324618636.5714286
131248816.0,308655987.4285714,256,0,0.0,131248816.0,0.0,308655987.4285714
132541033.14285715,311051132.5714286,0,0,132541033.14285715,0.0,311051132.5714286,0.0
135386114.2857143,338087306.28571427,0,0,135386114.2857143,0.0,338087306.28571427,0.0
149626745.14285713,289355704.0,0,0,149626745.14285713,0.0,0.0,289355704.0
123316883.42857143,275297564.5714286,256,0,0.0,123316883.42857143,0.0,275297564.5714286
138098425.14285713,336895893.71428573,0,0,138098425.14285713,0.0,336895893.71428573,0.0
142934782.85714287,307896182.85714287,0,0,142934782.85714287,0.0,0.0,307896182.85714287
180775715.42857143,709986649.1428572,0,0,180775715.42857143,0.0,709986649.1428572,0.0
410394434.28571427,2412437723.428571,256,0,410394434.28571427,0.0,2412437723.428571,0.0
420224009.14285713,2818192346.285714,0,0,420224009.14285713,0.0,2818192346.285714,0.0
408808969.14285713,2647645562.285714,0,0,0.0,408808969.14285713,0.0,2647645562.285714
403206194.28571427,2620964082.285714,0,0,0.0,403206194.28571427,0.0,2620964082.285714
370966398.85714287,2444956780.571429,0,0,0.0,370966398.85714287,0.0,2444956780.571429
409176268.5714286,2671850712.0,256,0,409176268.5714286,0.0,2671850712.0,0.0
404452130.28571427,2622711106.285714,0,0,0.0,404452130.28571427,0.0,2622711106.285714
414887120.0,2757785786.285714,0,0,414887120.0,0.0,2757785786.285714,0.0
433537330.28571427,3548488667.428571,0,0,433537330.28571427,0.0,3548488667.428571,0.0
446487878.85714287,3664681013.714286,256,0,446487878.85714287,0.0,3664681013.714286,0.0
442389469.71428573,3739470963.428571,0,0,0.0,442389469.71428573,3739470963.428571,0.0
350531963.4285714,3152459666.285714,0,0,0.0,350531963.4285714,0.0,3152459666.285714
186876098.2857143,1562611721.142857,0,0,0.0,186876098.2857143,0.0,1562611721.142857
124863605.0,1167902974.0,256,256,0.0,124863605.0,0.0,1167902974.0
215407228.0,1649283110.0,0,0,215407228.0,0.0,1649283110.0,0.0
339083324.3636364,2658775845.090909,0,0,339083324.3636364,0.0,2658775845.090909,0.0
371150746.28571427,2947165557.714286,0,0,371150746.28571427,0.0,2947165557.714286,0.0
441840086.85714287,3202534506.285714,0,0,441840086.85714287,0.0,3202534506.285714,0.0
415232989.71428573,2686403811.428571,256,0,0.0,415232989.71428573,0.0,2686403811.428571
347325557.3333333,2317421894.0,0,0,0.0,347325557.3333333,0.0,2317421894.0
382054796.5714286,2717830932.571429,0,0,382054796.5714286,0.0,2717830932.571429,0.0
382819300.5714286,2611001868.571429,0,0,382819300.5714286,0.0,0.0,2611001868.571429
405500234.28571427,2651425739.428571,256,0,405500234.28571427,0.0,2651425739.428571,0.0
410601789.3333333,2499276759.3333335,0,0,410601789.3333333,0.0,0.0,2499276759.3333335
602970522.2857143,2666791404.571429,0,0,602970522.2857143,0.0,2666791404.571429,0.0
581745550.8571428,2244170612.571429,0,0,0.0,581745550.8571428,0.0,2244170612.571429
224085532.57142857,995485278.8571428,256,0,0.0,224085532.57142857,0.0,995485278.8571428
161533041.7777778,603847766.2222222,0,0,0.0,161533041.7777778,0.0,603847766.2222222
249569814.4,1545176448.0,0,0,249569814.4,0.0,1545176448.0,0.0
382656144.0,2499699876.571429,0,0,382656144.0,0.0,2499699876.571429,0.0
388748365.71428573,2596770784.0,0,0,388748365.71428573,0.0,2596770784.0,0.0
594017222.8571428,2349780229.714286,256,0,594017222.8571428,0.0,0.0,2349780229.714286
334201136.6666667,2088259248.0,0,0,0.0,334201136.6666667,0.0,2088259248.0
343244602.28571427,2118812459.4285715,0,0,343244602.28571427,0.0,2118812459.4285715,0.0
302957062.85714287,1820209378.2857144,0,0,0.0,302957062.85714287,0.0,1820209378.2857144
234947456.0,1518797329.142857,256,0,0.0,234947456.0,0.0,1518797329.142857
250482432.72727272,1216025784.7272727,0,0,250482432.72727272,0.0,0.0,1216025784.7272727
200304714.0,818710075.0,0,0,0.0,200304714.0,0.0,818710075.0
156016405.7142857,432655869.71428573,0,0,0.0,156016405.7142857,0.0,432655869.71428573
150116630.85714287,395932804.5714286,256,0,0.0,150116630.85714287,0.0,395932804.5714286
180556217.33333334,494074532.0,0,0,180556217.33333334,0.0,494074532.0,0.0
253507835.42857143,1478677686.857143,0,0,253507835.42857143,0.0,1478677686.857143,0.0
151298450.2857143,375989262.85714287,0,0,0.0,151298450.2857143,0.0,375989262.85714287
164135382.85714287,397304428.5714286,0,0,164135382.85714287,0.0,397304428.5714286,0.0
161330528.0,421700864.0,0,0,0.0,161330528.0,421700864.0,0.0
256955251.42857143,1498742707.4285715,0,0,256955251.42857143,0.0,1498742707.4285715,0.0
142429562.2857143,327795347.4285714,0,0,0.0,142429562.2857143,0.0,327795347.4285714
130674648.0,328026921.14285713,0,0,0.0,130674648.0,328026921.14285713,0.0
138466454.0,640016844.0,0,0,138466454.0,0.0,640016844.0,0.0
201812880.0,969709514.0,0,0,201812880.0,0.0,969709514.0,0.0
246541617.14285713,1454641928.0,0,0,246541617.14285713,0.0,1454641928.0,0.0
380436274.28571427,2433053937.142857,0,0,380436274.28571427,0.0,2433053937.142857,0.0
410352232.0,2723253229.3333335,0,0,410352232.0,0.0,2723253229.3333335,0.0
185863332.0,455954944.0,0,0,0.0,185863332.0,0.0,455954944.0
337720419.4285714,2230536057.142857,0,0,337720419.4285714,0.0,2230536057.142857,0.0
426299637.71428573,2904211851.428571,0,0,426299637.71428573,0.0,2904211851.428571,0.0
424104299.4285714,3480882088.0,0,0,0.0,424104299.4285714,3480882088.0,0.0
553257172.0,3842531436.0,0,0,553257172.0,0.0,3842531436.0,0.0
271641077.3333333,1500013776.0,0,0,0.0,271641077.3333333,0.0,1500013776.0
433892720.0,3261767636.571429,0,0,433892720.0,0.0,3261767636.571429,0.0
427117283.4285714,3152129042.285714,0,0,0.0,427117283.4285714,0.0,3152129042.285714
506825970.0,3509971692.0,0,0,506825970.0,0.0,3509971692.0,0.0
223912924.0,1056483232.0,0,0,0.0,223912924.0,0.0,1056483232.0
332152117.71428573,2247963184.0,0,0,332152117.71428573,0.0,2247963184.0,0.0
175007891.42857143,627552577.1428572,0,0,0.0,175007891.42857143,0.0,627552577.1428572
102305140.0,416910024.0,256,256,0.0,102305140.0,0.0,416910024.0
286056835.4444444,1368251818.5555556,256,256,286056835.4444444,0.0,1368251818.5555556,0.0
298773418.28571427,1706888370.2857144,0,0,298773418.28571427,0.0,1706888370.2857144,0.0
337267915.4285714,1941786222.857143,0,0,337267915.4285714,0.0,1941786222.857143,0.0
453846377.14285713,3061143121.142857,0,0,453846377.14285713,0.0,3061143121.142857,0.0
381963789.71428573,2482777993.142857,256,0,0.0,381963789.71428573,0.0,2482777993.142857
299773923.4285714,1515896333.7142856,0,0,0.0,299773923.4285714,0.0,1515896333.7142856
436708409.14285713,2742682866.285714,0,0,436708409.14285713,0.0,2742682866.285714,0.0
451536038.85714287,2879462953.142857,0,0,451536038.85714287,0.0,2879462953.142857,0.0
414539578.28571427,2485873518.857143,256,0,0.0,414539578.28571427,0.0,2485873518.857143
278467026.28571427,1304704385.142857,0,0,0.0,278467026.28571427,0.0,1304704385.142857
487683605.71428573,2860809483.428571,0,0,487683605.71428573,0.0,2860809483.428571,0.0
410264459.4285714,2431198208.0,0,0,0.0,410264459.4285714,0.0,2431198208.0
201877394.2857143,889109938.2857143,0,0,0.0,201877394.2857143,0.0,889109938.2857143
298059153.14285713,1615098140.5714285,256,0,298059153.14285713,0.0,1615098140.5714285,0.0
336165238.85714287,1867159768.0,0,0,336165238.85714287,0.0,1867159768.0,0.0
428915192.0,2758158924.571429,0,0,428915192.0,0.0,2758158924.571429,0.0
431893168.0,2711183851.428571,0,0,431893168.0,0.0,0.0,2711183851.428571
526345022.85714287,2284853891.428571,256,0,526345022.85714287,0.0,0.0,2284853891.428571
317234291.0,1609030968.0,0,0,0.0,317234291.0,0.0,1609030968.0
376076704.0,2227224603.428571,0,0,376076704.0,0.0,2227224603.428571,0.0
325492298.28571427,1932170549.7142856,0,0,0.0,325492298.28571427,0.0,1932170549.7142856
298332808.0,1764200672.0,256,0,0.0,298332808.0,0.0,1764200672.0
226732033.14285713,1178596576.0,0,0,0.0,226732033.14285713,0.0,1178596576.0
312148646.0,1541361146.4285715,0,0,312148646.0,0.0,1541361146.4285715,0.0
194744284.57142857,525903134.85714287,0,0,0.0,194744284.57142857,0.0,525903134.85714287
175110170.2857143,455988737.14285713,0,0,0.0,175110170.2857143,0.0,455988737.14285713
322490795.4285714,1841617738.2857144,256,0,322490795.4285714,0.0,1841617738.2857144,0.0
296511556.71428573,1455685208.4285715,0,0,0.0,296511556.71428573,0.0,1455685208.4285715
197576505.14285713,509159241.14285713,0,0,0.0,197576505.14285713,0.0,509159241.14285713
182783542.85714287,468725742.85714287,0,0,0.0,182783542.85714287,0.0,468725742.85714287
309021205.71428573,1571517988.5714285,256,0,309021205.71428573,0.0,1571517988.5714285,0.0
305301845.71428573,1453700062.857143,0,0,0.0,305301845.71428573,0.0,1453700062.857143
193665932.0,668016982.7142857,0,0,0.0,193665932.0,0.0,668016982.7142857
182395705.14285713,397715924.5714286,0,0,0.0,182395705.14285713,0.0,397715924.5714286
222529792.0,577390968.0,256,0,222529792.0,0.0,577390968.0,0.0
291018286.85714287,1423279840.0,0,0,291018286.85714287,0.0,1423279840.0,0.0
254335584.42857143,1257683993.7142856,0,0,0.0,254335584.42857143,0.0,1257683993.7142856
243118066.2857143,772508309.7142857,0,0,0.0,243118066.2857143,0.0,772508309.7142857
448397029.71428573,2443307558.857143,0,0,448397029.71428573,0.0,2443307558.857143,0.0
347316822.85714287,1855572766.857143,256,0,0.0,347316822.85714287,0.0,1855572766.857143
350448919.28571427,1735226321.5714285,0,0,350448919.28571427,0.0,0.0,1735226321.5714285
479555916.5714286,2603440461.714286,0,0,479555916.5714286,0.0,2603440461.714286,0.0
465783355.4285714,2715014925.714286,0,0,0.0,465783355.4285714,2715014925.714286,0.0
506959189.71428573,2631756404.571429,256,0,506959189.71428573,0.0,0.0,2631756404.571429
259909034.2857143,1081279738.2857144,0,0,0.0,259909034.2857143,0.0,1081279738.2857144
462506911.0,2846989653.714286,0,0,462506911.0,0.0,2846989653.714286,0.0
455635596.5714286,2757085588.571429,0,0,0.0,455635596.5714286,0.0,2757085588.571429
438869768.0,2578181163.428571,256,0,0.0,438869768.0,0.0,2578181163.428571
341842228.5714286,1580875154.2857144,0,0,0.0,341842228.5714286,0.0,1580875154.2857144
385922833.0,2265308710.857143,0,0,385922833.0,0.0,2265308710.857143,0.0
583355057.1428572,1798825998.5714285,0,0,583355057.1428572,0.0,0.0,1798825998.5714285
138021686.57142857,264313296.2857143,0,0,0.0,138021686.57142857,0.0,264313296.2857143
88098467.0,255005350.0,256,256,0.0,88098467.0,0.0,255005350.0
354513881.2,1823207342.4,0,0,354513881.2,0.0,1823207342.4,0.0
124947736.0,313829518.0,256,0,0.0,124947736.0,0.0,313829518.0
201340378.0,380015049.0,256,0,201340378.0,0.0,380015049.0,0.0
138448941.0,400310214.0,256,0,0.0,138448941.0,400310214.0,0.0
88354603.0,452276742.0,256,0,0.0,88354603.0,452276742.0,0.0
159868414.0,615495436.0,256,0,159868414.0,0.0,615495436.0,0.0
329630858.0,797048447.0,256,0,329630858.0,0.0,797048447.0,0.0
284590796.0,891302176.0,256,0,0.0,284590796.0,891302176.0,0.0
285855809.0,968436007.0,256,0,285855809.0,0.0,968436007.0,0.0
260719721.0,943235437.0,256,0,0.0,260719721.0,0.0,943235437.0
220152855.0,960266571.0,256,0,0.0,220152855.0,960266571.0,0.0
183917342.0,1112507494.0,256,0,0.0,183917342.0,1112507494.0,0.0
